RNA_cell_ID	Perturbation	DQB1deletion_Mean
GCGAATCCGATAAC_GTCTAACCTC	WT	0.0
GCGCAAGAATCGCA_GTCTAACCTC	MT	14.0
GTTGGATAGTAGAG_GTCTAACCTC	WT	0.0
CTGATCTGACCGGA_GTCTAACCTC	WT	0.0
TCGAGCGCATACCA_GTCTAACCTC	WT	0.0
TCATAATCAGCAGG_GTCTAACCTC	WT	0.0
ATGTGATGAGGTCA_GTCTAACCTC	MT	3.0
CAACAATCCATCTC_GTCTAACCTC	WT	0.0
ATGCGTCGAGGATG_GTCTAACCTC	WT	0.0
TCGAAGCATTACAG_GTCTAACCTC	MT	7.0
TGCGGAGACAACGT_GTCTAACCTC	MT	11.0
AACCAACCAGACTC_GTCTAACCTC	MT	6.5
GAAGTATTACGGTC_GTCTAACCTC	WT	0.0
CGTTCTTCCACAAG_GTCTAACCTC	MT	15.0
CGAGACACGTTAGG_GTCTAACCTC	MT	1.0
CGTGTGAGTCATCG_GTCTAACCTC	WT	0.0
TGCCTCTACTAGAA_GTCTAACCTC	WT	0.0
CTCACCTCGTTACC_GTCTAACCTC	WT	0.0
CAGGATTAGTGAGG_GTCTAACCTC	MT	11.0
TCCTACTGGATCGA_GTCTAACCTC	WT	0.0
ACATTAGTGCCTCG_GTCTAACCTC	WT	0.0
TGTTCGCATTCGCC_GTCTAACCTC	WT	0.0
CATGATACACCAGA_GTCTAACCTC	WT	0.0
GTTGTTCCGACGCA_GTCTAACCTC	WT	0.0
TGCCACAGTACTCT_GTCTAACCTC	WT	0.0
CTGAGAATCTACGA_GTCTAACCTC	WT	0.0
TCAAGTGAGAGTGG_GTCTAACCTC	MT	8.5
GCCGGCATAAGACT_GTCTAACCTC	WT	0.0
TGCATTGGAAGAAG_GTCTAACCTC	MT	22.0
CTACGCTCTAGAGA_GTCTAACCTC	WT	0.0
TGCTATAACGCGAA_GTCTAACCTC	MT	6.0
TTAGGCGCAGTCAA_GTCTAACCTC	WT	0.0
GCGTTGCACAGCAA_GTCTAACCTC	MT	8.0
AGAGCTCACCTGTC_GTCTAACCTC	WT	0.0
GCGATGAGTCCTAA_GTCTAACCTC	WT	0.0
ACGACACGGCTCTA_GTCTAACCTC	WT	0.0
GTCTGTGTCCTAGT_GTCTAACCTC	WT	0.0
CAACTAGTTAGGAG_GTCTAACCTC	MT	35.5
CACAATGACTGCGC_GTCTAACCTC	MT	7.0
GTCTCAACGCGTGT_GTCTAACCTC	WT	0.0
TGGTTCGTAGCCTC_GTCTAACCTC	WT	0.0
GCAAGATCGCCATG_GTCTAACCTC	WT	0.0
CGCTTCAGAGTGTG_GTCTAACCTC	WT	0.0
ACAGAGAACCGCTC_GTCTAACCTC	WT	0.0
CCTGTCTCCTAACC_GTCTAACCTC	MT	23.5
AGGAGCGTACTCGA_GTCTAACCTC	WT	0.0
AGAACCATGTGTCA_GTCTAACCTC	WT	0.0
CCTGACCAGGATAA_GTCTAACCTC	MT	11.5
TCCAGAACAACCAA_GTCTAACCTC	WT	0.0
TCTTACCTTCGAAC_GTCTAACCTC	MT	0.5
GTCTGAAGTACAGA_GTCTAACCTC	MT	13.0
GAGCTGTACATACC_GTCTAACCTC	WT	0.0
TTGACTTGGAATCG_GTCTAACCTC	WT	0.0
CTTCTGGCATAGCG_GTCTAACCTC	WT	0.0
CGTGTTGTAGTTAG_GTCTAACCTC	MT	20.0
CTCACGAGTAACAC_GTCTAACCTC	WT	0.0
ACCAATATGCACAG_GTCTAACCTC	WT	0.0
ATCAGTCTGTAGGC_GTCTAACCTC	MT	11.0
TTCGGTAAGCTCCT_GTCTAACCTC	WT	0.0
CCATATGAGGCATC_GTCTAACCTC	MT	4.5
TGAGGCATCAGGAT_GTCTAACCTC	MT	0.5
TAACACCTGGAAGA_GTCTAACCTC	WT	0.0
GACCAGATACGAGC_GTCTAACCTC	WT	0.0
GTCGTGGAATCCTA_GTCTAACCTC	WT	0.0
TGAAGCTGCTGTAC_GTCTAACCTC	WT	0.0
CCTAAGCGGCACAA_GTCTAACCTC	WT	0.0
TGTTAGCAAGATGG_GTCTAACCTC	WT	0.0
CACATTGTGAAGTG_GTCTAACCTC	WT	0.0
GTCAGGATGCCATA_GTCTAACCTC	WT	0.0
TACCGTGCTACGGT_GTCTAACCTC	WT	0.0
AGAATCTCGTCTCC_GTCTAACCTC	WT	0.0
CCTATGCGATACCG_GTCTAACCTC	WT	0.0
GTATGTTATCGCAG_GTCTAACCTC	MT	11.0
ACGTCCTGTGTTCC_GTCTAACCTC	MT	9.5
GTACTCAACCTGGA_GTCTAACCTC	WT	0.0
TTCAGCGTCACTGA_GTCTAACCTC	WT	0.0
AGCGCTCTATTCTC_GTCTAACCTC	WT	0.0
AATGGAAGAGACCA_GTCTAACCTC	WT	0.0
AACATCTCTGTGAC_GTCTAACCTC	WT	0.0
TGGAGAACTAGTGA_GTCTAACCTC	MT	8.0
ACCACCATAGAACA_GTCTAACCTC	WT	0.0
TGAGTACGTGGTCC_GTCTAACCTC	WT	0.0
CTCGCATAGAGAGA_GTCTAACCTC	WT	0.0
CCGGTAGAGCCATT_GTCTAACCTC	WT	0.0
GAGATTCACTGTTG_GTCTAACCTC	MT	32.0
GAGGATTCAACCGT_GTCTAACCTC	WT	0.0
CGAGAATAGGCCAA_GTCTAACCTC	WT	0.0
TTGGCGCGTCAATG_GTCTAACCTC	MT	0.5
CCTGCGTATTAGTG_GTCTAACCTC	WT	0.0
CTAGCTCCTTACAT_GTCTAACCTC	MT	23.0
GTCTCGTCGCAGAA_GTCTAACCTC	MT	0.5
CGCAGTCATACGTC_GTCTAACCTC	WT	0.0
TGTGTACGCGTATG_GTCTAACCTC	MT	9.5
GTCCAATCTGGTAA_GTCTAACCTC	WT	0.0
TAGAACGGTCCTGA_GTCTAACCTC	WT	0.0
ACACTCAGCTGTAA_GTCTAACCTC	WT	0.0
AGTCATACGACTAG_GTCTAACCTC	WT	0.0
CGATCATCGACTCC_GTCTAACCTC	WT	0.0
TACGGTGTTAGCCT_GTCTAACCTC	WT	0.0
TGACAGATGGTGCG_GTCTAACCTC	WT	0.0
GGTCCATCTAACGG_GTCTAACCTC	WT	0.0
TCGACGTAACGGAA_GTCTAACCTC	WT	0.0
TAGACACCAACACG_GTCTAACCTC	WT	0.0
TCCTACCAAGCTTA_GTCTAACCTC	WT	0.0
TATTCAGGCTGATG_GTCTAACCTC	WT	0.0
AGATCTTAGGTCCG_GTCTAACCTC	WT	0.0
GTAGCCTACGTAGC_GTCTAACCTC	WT	0.0
AGCCGCAAGACCTA_GTCTAACCTC	WT	0.0
AGCCTGCATGGTCT_GTCTAACCTC	WT	0.0
GCAATGCCTGAGAC_GTCTAACCTC	WT	0.0
ATTCATGCCGATAG_GTCTAACCTC	MT	4.0
TCCGAGATGCGACA_GTCTAACCTC	MT	9.5
CTGGTACGACTTAT_GTCTAACCTC	WT	0.0
TCCGCTAAGACTGG_GTCTAACCTC	WT	0.0
CCTATTACGACAAC_GTCTAACCTC	WT	0.0
AGTGCGGTATATCC_GTCTAACCTC	MT	1.5
AGTGGACAGGTACT_GTCTAACCTC	MT	10.5
TCTGGCCACTAGCT_GTCTAACCTC	MT	3.0
GAACGAACCTAAGA_GTCTAACCTC	WT	0.0
TTCAAGCAATGGAC_GTCTAACCTC	MT	1.0
CAGGCATCGGACAA_GTCTAACCTC	MT	2.5
TACCAAGGAATGAG_GTCTAACCTC	MT	9.5
CTGTGGCACTAGAC_GTCTAACCTC	WT	0.0
GTAACTCGTCGGAA_GTCTAACCTC	MT	2.0
CTGATTGCTGAGTG_GTCTAACCTC	WT	0.0
CGGAAGAAGAAGAA_GTCTAACCTC	MT	7.5
CTTAACCGGATTCT_GTCTAACCTC	WT	0.0
TTCCATCAGTGCGA_GTCTAACCTC	MT	21.5
TTCTCTCATTCAGC_GTCTAACCTC	WT	0.0
TTACAAGCCTTGCG_GTCTAACCTC	MT	7.0
ACAACACTCGTTAC_GTCTAACCTC	MT	22.0
ATTATAGCTGCACC_GTCTAACCTC	MT	26.0
CCTGTTGTGCATGA_GTCTAACCTC	MT	13.0
CAGCACGCATGGTT_GTCTAACCTC	WT	0.0
ATGCGTCATGTCTT_GTCTAACCTC	MT	0.5
TAAGTGACAGGAAG_GTCTAACCTC	MT	10.0
TGTAGCATTAAGCG_GTCTAACCTC	WT	0.0
CCTTGGCATTAATC_GTCTAACCTC	WT	0.0
TGGATTGGTGCGAG_GTCTAACCTC	MT	19.0
CTAATGCTGAACCT_GTCTAACCTC	WT	0.0
AGCAGGCATAGTGC_GTCTAACCTC	MT	7.0
GTCGCTCAATTGCC_GTCTAACCTC	WT	0.0
GCATCTCTCGTCTG_GTCTAACCTC	WT	0.0
CGCGAGCTCGATAT_GTCTAACCTC	WT	0.0
GAATTGCGATTACG_GTCTAACCTC	WT	0.0
AACTACGTCTGTGC_GTCTAACCTC	WT	0.0
GGACAGCCATTGAA_GTCTAACCTC	MT	7.5
CCAGTATGAGACAG_GTCTAACCTC	MT	11.0
GAGACTTACTACTC_GTCTAACCTC	WT	0.0
CGGCATCTCGAATC_GTCTAACCTC	WT	0.0
TATAGTGGCACGAA_GTCTAACCTC	MT	2.5
TGCTTCGGCGCTAT_GTCTAACCTC	WT	0.0
TCCGCCATCTTGAG_GTCTAACCTC	MT	0.5
TGAGGTCACGCAAC_GTCTAACCTC	MT	34.0
TGCTCAAGGAATCA_GTCTAACCTC	WT	0.0
AATCTGTACCATGG_GTCTAACCTC	MT	11.0
TATGTCCTGCGATA_GTCTAACCTC	WT	0.0
ATCACCTAATCCTG_GTCTAACCTC	WT	0.0
GTGAAGTAGGCTAA_GTCTAACCTC	WT	0.0
CACGAATGCCGATC_GTCTAACCTC	WT	0.0
TGCGCCATATCGTA_GTCTAACCTC	MT	14.5
CTTCTACGCAGCTG_GTCTAACCTC	WT	0.0
AAGAAGACACCGAT_GTCTAACCTC	WT	0.0
CGAGATATCTCGAC_GTCTAACCTC	WT	0.0
GGAGATTCGCACCT_GTCTAACCTC	WT	0.0
GTCGTAGATAGAGG_GTCTAACCTC	MT	11.0
ACTATACGAGATCC_GTCTAACCTC	MT	16.5
GGCTTACTTCAGGT_GTCTAACCTC	WT	0.0
AGATTGCTAGAAGG_GTCTAACCTC	WT	0.0
GACTTAAGCCTAGA_GTCTAACCTC	MT	4.5
CGATAAGAACGAGA_GTCTAACCTC	WT	0.0
GAGCGCTTGTTCGT_GTCTAACCTC	WT	0.0
TGGTCTGCTTGAAG_GTCTAACCTC	WT	0.0
ACAAGAGACTCCAA_GTCTAACCTC	MT	13.5
TTCATTGATGGACG_GTCTAACCTC	WT	0.0
GATATGCCTTCGTC_GTCTAACCTC	MT	6.5
TCACGAGATCCTGG_GTCTAACCTC	MT	10.0
AGGTAGAGTAGGCG_GTCTAACCTC	MT	19.0
CTGCTCTGTGAGAT_GTCTAACCTC	MT	5.5
GGAGGATCCAGTAA_GTCTAACCTC	MT	2.5
CCTATAGCGTAACG_GTCTAACCTC	MT	15.0
AGGTGCTTCGAACT_GTCTAACCTC	MT	2.5
GAATACCTATCGCG_GTCTAACCTC	WT	0.0
CTGAGGATTCCTGC_GTCTAACCTC	WT	0.0
GAGGAATAGGTTCG_GTCTAACCTC	WT	0.0
CAGTGCCTTCGCAT_GTCTAACCTC	WT	0.0
ACGTAGAACTCAGT_GTCTAACCTC	MT	46.5
TCTGAACACAAGGA_GTCTAACCTC	WT	0.0
TTCCACTCAGCTGT_GTCTAACCTC	WT	0.0
ATAGCTTATCCACG_GTCTAACCTC	WT	0.0
GGCGGATTCAAGCT_GTCTAACCTC	WT	0.0
GTCAAGTCGTTCGG_GTCTAACCTC	WT	0.0
CCTTCTCTTGGTAT_GTCTAACCTC	MT	5.5
ACTGCGAAGGCCTT_GTCTAACCTC	WT	0.0
ATCTGGCGAGTAGA_GTCTAACCTC	WT	0.0
ATTGGACGACAAGA_GTCTAACCTC	WT	0.0
GACGAGACTAACTA_GTCTAACCTC	WT	0.0
GACGACCTATCCAC_GTCTAACCTC	WT	0.0
ACGACTTGCACAGC_GTCTAACCTC	MT	9.5
TTGTCTCCGCATGC_GTCTAACCTC	MT	1.0
GACGTGCCGATGAA_GTCTAACCTC	WT	0.0
GATGACGATCGGCT_GTCTAACCTC	MT	11.0
CCGAGATTAACGCG_GTCTAACCTC	WT	0.0
GCCTCTGTATGACC_GTCTAACCTC	MT	24.5
CATGATGGCCGCAA_GTCTAACCTC	WT	0.0
CCGTTAAGTTCAGG_GTCTAACCTC	MT	80.0
GATCGGCAGATACA_GTCTAACCTC	MT	3.0
CTGCGCAGATGAGA_GTCTAACCTC	WT	0.0
CGTTCGATTCTGCA_GTCTAACCTC	MT	13.0
GAGGTCCACAACGA_GTCTAACCTC	MT	6.0
CGTCTAACAGAGAA_GTCTAACCTC	WT	0.0
GACGTGCTCTTAAG_GTCTAACCTC	WT	0.0
GTGTACAACAGAAG_GTCTAACCTC	WT	0.0
ACAGCTATGATCGT_GTCTAACCTC	MT	12.5
TATAGTACGGTAGG_GTCTAACCTC	WT	0.0
GGATAGCTTATACG_GTCTAACCTC	MT	14.5
AGGACATCAGTCGG_GTCTAACCTC	WT	0.0
GCTGTGCCGAATGA_GTCTAACCTC	MT	2.5
GTTGTGAGAAGCGC_GTCTAACCTC	WT	0.0
TAGGAGGCGGTGAT_GTCTAACCTC	WT	0.0
GCAATATGAGTGCT_GTCTAACCTC	WT	0.0
GGCTCTCAGGTATA_GTCTAACCTC	MT	6.0
TTACCGCCTTCGGA_GTCTAACCTC	MT	21.0
ATAGTCAGGTAAGG_GTCTAACCTC	MT	25.0
GAACACTGCGTGTA_GTCTAACCTC	MT	0.5
CTAGGATATCCTAC_GTCTAACCTC	MT	2.5
TGATGCCGACGTAG_GTCTAACCTC	WT	0.0
ACAGTACACCGATT_GTCTAACCTC	MT	11.0
AATCGAGACTCGGT_GTCTAACCTC	WT	0.0
GATTAGGTGATGGC_GTCTAACCTC	WT	0.0
GAGTGATAGAGGAA_GTCTAACCTC	MT	14.5
ACATGAGTCGTGAA_GTCTAACCTC	WT	0.0
TTATCAGGAAGGCA_GTCTAACCTC	MT	0.5
GACGTCTCTGTCCA_GTCTAACCTC	MT	29.0
TACGAAGCCTAGTA_GTCTAACCTC	WT	0.0
AAGCTCCACTCAGA_GTCTAACCTC	WT	0.0
GAGGCCACTTCTCA_GTCTAACCTC	MT	2.5
GAGTGATCCTTCGC_GTCTAACCTC	MT	6.0
CACTTAGGATGGCC_GTCTAACCTC	WT	0.0
TCCATGTGTGGCCA_GTCTAACCTC	MT	10.0
GTTGACAATTGGAG_GTCTAACCTC	MT	13.0
CTGCTCGCAACAGA_GTCTAACCTC	WT	0.0
GACACTCCTGCACT_GTCTAACCTC	MT	6.5
TGGACTTCCAGAAT_GTCTAACCTC	MT	9.0
TAGCACGTTGGCTA_GTCTAACCTC	WT	0.0
GATGCGCGGTAAGT_GTCTAACCTC	MT	9.0
AGACTCACTAGTAC_GTCTAACCTC	MT	0.5
TTAAGGAGCAGAAC_GTCTAACCTC	MT	28.5
TACCGAAGTGTCAC_GTCTAACCTC	MT	4.5
AGACTACTCTCAAG_GTCTAACCTC	WT	0.0
TTCAAGACGGTTGA_GTCTAACCTC	MT	13.0
ATTGGAACCGGCGT_GTCTAACCTC	MT	6.5
GCATTATACCGTGA_GTCTAACCTC	WT	0.0
TACGGCGAGCCAAT_GTCTAACCTC	MT	7.5
GGACTCCGGAATAG_GTCTAACCTC	WT	0.0
ATGCCAAGTCATTC_GTCTAACCTC	WT	0.0
GACTGGATCGAGAA_GTCTAACCTC	WT	0.0
CGAAGTGCTCTTGG_GTCTAACCTC	MT	39.0
TGGTGGTTATAGGA_GTCTAACCTC	WT	0.0
GAGTGCCAAGATTG_GTCTAACCTC	WT	0.0
AGATTGCGTAGCGG_GTCTAACCTC	MT	0.5
AGTGGAATTCGCCG_GTCTAACCTC	WT	0.0
ACGGATCTCCAATA_GTCTAACCTC	MT	11.0
ATAAGGCTCCAAGA_GTCTAACCTC	WT	0.0
TCACCACTCATATC_GTCTAACCTC	WT	0.0
CCATACCGTGAATT_GTCTAACCTC	MT	11.0
CGTGAATACACGTG_GTCTAACCTC	WT	0.0
TGCGTTGATCCTAG_GTCTAACCTC	MT	12.5
CTCACAATGTGCTG_GTCTAACCTC	MT	16.5
AACGAGCTGGCAAG_GTCTAACCTC	MT	7.0
TGCGGATATCTGGC_GTCTAACCTC	MT	6.0
AATGCGCATACAGT_GTCTAACCTC	MT	3.0
ATGAAGGCGCGTTC_GTCTAACCTC	WT	0.0
AGGACTGTTCACGG_GTCTAACCTC	MT	1.0
GGTTAGATGCGAAT_GTCTAACCTC	WT	0.0
TGTCAGCTTATGCA_GTCTAACCTC	WT	0.0
CAACGGAGTGGAAC_GTCTAACCTC	WT	0.0
TGTGATGCCGTGAG_GTCTAACCTC	WT	0.0
CCTGTTAATTGCGG_GTCTAACCTC	WT	0.0
GACCATCTTGGTTA_GTCTAACCTC	MT	0.5
CACGAATCAGAGGT_GTCTAACCTC	WT	0.0
GTGTGAAGTCGGCA_GTCTAACCTC	WT	0.0
AATGCCGTTACACA_GTCTAACCTC	MT	0.5
GTAGAGGCGGAGTA_GTCTAACCTC	MT	0.5
ACGTCAGACGCTTC_GTCTAACCTC	WT	0.0
TCAGGAAGGCTGTT_GTCTAACCTC	MT	19.0
ATGGCAGCGTACTA_GTCTAACCTC	WT	0.0
ACCAATACGAGTTG_GTCTAACCTC	WT	0.0
GCTAGTCGTGTGGT_GTCTAACCTC	WT	0.0
CATGACCAAGGATA_GTCTAACCTC	MT	14.0
TGAGCGTTGGTTGC_GTCTAACCTC	WT	0.0
AGGAGCACCTTAAC_GTCTAACCTC	MT	9.5
GTGCTTACCAACAA_GTCTAACCTC	WT	0.0
GTTCGCGTACGAGT_GTCTAACCTC	WT	0.0
CTCCGATCGCATCA_GTCTAACCTC	MT	0.5
TACACCAAGTCCGG_GTCTAACCTC	WT	0.0
AACTCTCTAGTGGA_GTCTAACCTC	WT	0.0
GCGCAACACTAAGC_GTCTAACCTC	MT	6.5
ATGAACGGCAAGAA_GTCTAACCTC	MT	6.5
CCTTGCATTCAACA_GTCTAACCTC	WT	0.0
TCATTGACGCCGTT_GTCTAACCTC	WT	0.0
GGTGTCCAAGAAGA_GTCTAACCTC	WT	0.0
ATCACTTACACGGA_GTCTAACCTC	WT	0.0
TCTCGAAGATCAAC_GTCTAACCTC	WT	0.0
GTTAGCCTTGAAGC_GTCTAACCTC	WT	0.0
TACGCACGCACAAT_GTCTAACCTC	WT	0.0
ACACCATTACAAGG_GTCTAACCTC	WT	0.0
AACCGTATGCGGTG_GTCTAACCTC	MT	16.5
AAGACCTTCACCAG_GTCTAACCTC	MT	0.5
TTGCGTGAAGGACA_GTCTAACCTC	WT	0.0
CCAGGACTCCTTCA_GTCTAACCTC	WT	0.0
ACAGTATCCGTCAT_GTCTAACCTC	WT	0.0
CGATCTATGGAATG_GTCTAACCTC	MT	1.5
CTCGTTGGCTAGTT_GTCTAACCTC	MT	9.5
GGACATCTGCCTTG_GTCTAACCTC	WT	0.0
GAATTCTGGCCAAG_GTCTAACCTC	WT	0.0
GAGGCGTTCTTATT_GTCTAACCTC	MT	5.5
CTCGTCGAAGTTGG_GTCTAACCTC	WT	0.0
GGTTCCGAACAACA_GTCTAACCTC	MT	0.5
ACTTGTGGACACGA_GTCTAACCTC	WT	0.0
TTATGGTGCGGCGA_GTCTAACCTC	WT	0.0
GAGATGGCAGTAAG_GTCTAACCTC	WT	0.0
TCACTGTGAGGTCG_GTCTAACCTC	WT	0.0
AGAGTGCCGGACAT_GTCTAACCTC	WT	0.0
GGTAGTGTATGACT_GTCTAACCTC	WT	0.0
TTAGCCGCTTGTCG_GTCTAACCTC	WT	0.0
ACACACTCACACTT_GTCTAACCTC	WT	0.0
TGCCACCATTGCCT_GTCTAACCTC	WT	0.0
CGAGCTGTTGCCAT_GTCTAACCTC	WT	0.0
TTCAGTTCTACGAC_GTCTAACCTC	WT	0.0
ATCGCATATGAACC_GTCTAACCTC	MT	8.0
CTGCTCGTCTTAGC_GTCTAACCTC	MT	0.5
TTCCTTGACGCTCA_GTCTAACCTC	MT	0.5
TTCGGAAGTGAGGA_GTCTAACCTC	WT	0.0
AGTTAGGCTCGAAG_GTCTAACCTC	WT	0.0
GTTAATGGTGCGGC_GTCTAACCTC	MT	7.5
GGTTCACCACACTG_GTCTAACCTC	WT	0.0
GCCGTGGAACTAAC_GTCTAACCTC	WT	0.0
AACCGTGCCACATA_GTCTAACCTC	WT	0.0
GAGGACAGTCCGAA_GTCTAACCTC	WT	0.0
TCCATCCTGCACAC_GTCTAACCTC	WT	0.0
GAATCCTAGCATAC_GTCTAACCTC	MT	9.0
GCAATTATGGCCGA_GTCTAACCTC	WT	0.0
TTCTAGGAACTCAG_GTCTAACCTC	WT	0.0
GTCTAGATGGAGGC_GTCTAACCTC	WT	0.0
ATCGTCGGCGTAAT_GTCTAACCTC	MT	13.5
TGCGCCTTAGTTAA_GTCTAACCTC	WT	0.0
CATGAAGTTCCGTG_GTCTAACCTC	MT	16.5
CATGCCTACCGGTA_GTCTAACCTC	MT	2.0
GAGGATGAAGACGC_GTCTAACCTC	WT	0.0
GGTTCGATCCATAA_GTCTAACCTC	WT	0.0
TGTGGTGGAATCAG_GTCTAACCTC	WT	0.0
TATGCTGCTGATCT_GTCTAACCTC	WT	0.0
CTTCACGACTACAA_GTCTAACCTC	MT	6.5
CTTCCGCCACTAAG_GTCTAACCTC	WT	0.0
CTACGATCATTGTG_GTCTAACCTC	WT	0.0
CGCATTCACAGCAC_GTCTAACCTC	WT	0.0
AATGTCATCGCGCT_GTCTAACCTC	WT	0.0
TAATCTGGCGGCAA_GTCTAACCTC	WT	0.0
GAGATAAGACGCTT_GTCTAACCTC	WT	0.0
GACTCACTAAGACA_GTCTAACCTC	MT	7.0
TGACAGAGACAACG_GTCTAACCTC	MT	11.0
TGCGACGGCAATAC_GTCTAACCTC	WT	0.0
TGCATCGTAATCCA_GTCTAACCTC	MT	0.5
ATGTCATTACGTGG_GTCTAACCTC	MT	1.0
GCTTAAGCCTGGAA_GTCTAACCTC	WT	0.0
TAAGTCCGACAGAG_GTCTAACCTC	WT	0.0
CAATTCCAACGAAG_GTCTAACCTC	WT	0.0
AGCGTCTGCACGTA_GTCTAACCTC	WT	0.0
TGTGGAAGTGTACA_GTCTAACCTC	WT	0.0
TGTTACTCTCACGT_GTCTAACCTC	WT	0.0
